{"sections":{"image_banner":{"type":"image-banner","blocks":{"heading":{"type":"heading","settings":{"heading":"Alles rund um Gadgets","heading_size":"h0"}},"button":{"type":"buttons","settings":{"button_label_1":"Produkte","button_link_1":"shopify:\/\/collections\/all","button_style_secondary_1":true,"button_label_2":"","button_link_2":"","button_style_secondary_2":false}}},"block_order":["heading","button"],"settings":{"image_overlay_opacity":40,"image_height":"medium","desktop_content_position":"bottom-center","show_text_box":false,"desktop_content_alignment":"center","color_scheme":"inverse","image_behavior":"none","mobile_content_alignment":"center","stack_images_on_mobile":false,"show_text_below":false}},"924a5140-e9ce-4960-a0e3-d07cbadc67db":{"type":"rich-text","blocks":{"template--19213119848793__924a5140-e9ce-4960-a0e3-d07cbadc67db-1689460708f15bf1fe-0":{"type":"heading","settings":{"heading":"Herzlich willkommen bei SwitchStuff!","heading_size":"h1"}},"template--19213119848793__924a5140-e9ce-4960-a0e3-d07cbadc67db-1689460708f15bf1fe-1":{"type":"text","settings":{"text":"<p>Wir sind ein Online-Unternehmen, das sich auf den Verkauf von Gadgets aller Art spezialisiert hat. Unser Ziel ist es, die Menschen im Alltag zu unterstützen und ihnen das Leben ein wenig einfacher und angenehmer zu gestalten.Bei SwitchStuff steht der Kunde im Mittelpunkt. Wir möchten Ihnen nicht nur hochwertige Produkte anbieten, sondern auch einen erstklassigen Kundenservice bieten. Unsere freundlichen Mitarbeiter stehen Ihnen jederzeit zur Verfügung und helfen Ihnen gerne bei Fragen oder Problemen weiter.Wir freuen uns darauf, Sie als Kunden bei SwitchStuff begrüßen zu dürfen und hoffen, dass wir Ihnen mit unseren Produkten das Leben ein wenig erleichtern können!<\/p>"}},"template--19213119848793__924a5140-e9ce-4960-a0e3-d07cbadc67db-1689460708f15bf1fe-2":{"type":"button","disabled":true,"settings":{"button_label":"Button label","button_link":"","button_style_secondary":false,"button_label_2":"","button_link_2":"","button_style_secondary_2":false}}},"block_order":["template--19213119848793__924a5140-e9ce-4960-a0e3-d07cbadc67db-1689460708f15bf1fe-0","template--19213119848793__924a5140-e9ce-4960-a0e3-d07cbadc67db-1689460708f15bf1fe-1","template--19213119848793__924a5140-e9ce-4960-a0e3-d07cbadc67db-1689460708f15bf1fe-2"],"settings":{"desktop_content_position":"center","content_alignment":"center","color_scheme":"","full_width":true,"padding_top":40,"padding_bottom":52}},"featured_collection":{"type":"featured-collection","settings":{"title":"Featured products","heading_size":"h2","description":"","show_description":false,"description_style":"body","collection":"all","products_to_show":8,"columns_desktop":4,"full_width":false,"show_view_all":true,"view_all_style":"solid","enable_desktop_slider":false,"color_scheme":"background-1","image_ratio":"adapt","image_shape":"default","show_secondary_image":true,"show_vendor":false,"show_rating":false,"enable_quick_add":false,"columns_mobile":"2","swipe_on_mobile":false,"padding_top":44,"padding_bottom":36}}},"order":["image_banner","924a5140-e9ce-4960-a0e3-d07cbadc67db","featured_collection"]}