{"name":"t:sections.footer.name","type":"footer","sections":{"footer":{"type":"footer","blocks":{"d1e0a236-b6c9-4e11-bd22-83c1178160fe":{"type":"link_list","settings":{"heading":"Quick links","menu":"footer"}},"c1246ee4-a677-44ba-b015-ce34274b45d3":{"type":"brand_information","disabled":true,"settings":{"show_social":true}},"7b4fe4eb-bffb-409f-901c-dbcf5a6ac828":{"type":"link_list","disabled":true,"settings":{"heading":"Quick links","menu":"footer"}},"5d0b757e-9102-4410-9e90-a98681a92e90":{"type":"link_list","disabled":true,"settings":{"heading":"Quick links","menu":"footer"}}},"block_order":["d1e0a236-b6c9-4e11-bd22-83c1178160fe","c1246ee4-a677-44ba-b015-ce34274b45d3","7b4fe4eb-bffb-409f-901c-dbcf5a6ac828","5d0b757e-9102-4410-9e90-a98681a92e90"],"settings":{"color_scheme":"background-1","newsletter_enable":false,"newsletter_heading":"Abonnieren Sie unsere E-Mail","enable_follow_on_shop":true,"show_social":true,"enable_country_selector":false,"enable_language_selector":true,"payment_enable":false,"show_policy":false,"margin_top":36,"padding_top":36,"padding_bottom":36}}},"order":["footer"]}